strategy,accuracy,gap
calibrated_tuned,0.3442622950819672,0.004181323422048189
mixup_80,0.4672131147540984,0.12713214309417936
mixup_50,0.4918032786885246,0.15172230702860556
distribution_match,0.6229508196721312,0.28286984801221216
user_specific,0.04918032786885246,0.29090064379106656
distribution_70pct,0.6311475409836066,0.2910665693236876
adversarial,0.6434426229508197,0.30336165129090065
feature_specific,0.6516393442622951,0.31155837260237607
temporal_decay,0.6639344262295082,0.32385345456958914
